slug	name	primary_epg_id	selected_source	selected_epg_id	programmes	coverage_utc
perviy	Первый канал	146	iptvx	pervy	334	2026-10-05T02:57:00+00:00
russia1	Россия 1	rossia1	iptvx	rossia1	231	2026-10-04T21:00:00+00:00
match	Матч ТВ	match-tv	main	2051	253	2026-10-04T22:00:00+00:00
ntv	НТВ	162	iptvx	ntv	310	2026-10-04T21:25:00+00:00
5kanal	Пятый канал	427	iptvx	5kanal-ru	398	2026-10-05T02:35:00+00:00
russiak	Россия К	187	iptvx	kultura	368	2026-10-04T21:20:00+00:00
russia24	Россия 24	rossia-24	main	1683	726	2026-10-04T22:00:00+00:00
karusel	Карусель	740	iptvx	karusel	346	2026-10-04T21:50:00+00:00
otr	ОТР	1000	iptvx	otr	419	2026-10-04T21:45:00+00:00
tvc	ТВ Центр	649	iptvx	tvcentr	378	2026-10-04T21:20:00+00:00
rentv	РЕН ТВ	18	iptvx	rentv	269	2026-10-04T22:55:00+00:00
spas	Спас	spas	iptvx	spas	356	2026-10-05T02:50:00+00:00
sts	СТС	79	iptvx	sts	200	2026-10-05T02:20:00+00:00
domashniy	Домашний	304	iptvx	domashny	387	2026-10-05T02:30:00+00:00
tv3	ТВ-3	698	iptvx	tv3-ru	393	2026-10-04T21:00:00+00:00
pyatnica	Пятница!	1003	iptvx	piatnica	284	2026-10-04T21:30:00+00:00
zvezda	Звезда	405	iptvx	zvezda	341	2026-10-04T21:05:00+00:00
mir	Мир	726	iptvx	mir	329	2026-10-05T02:00:00+00:00
tnt	ТНТ	353	iptvx	tnt	410	2026-10-05T02:05:00+00:00
muztv	Муз-ТВ	897	iptvx	muztv	309	2026-10-04T20:00:00+00:00
match_premier	Матч! Премьер	2250	iptvx	match-premier	256	2026-10-04T21:50:00+00:00
match_futbol_1	Матч! Футбол 1	match-football1	main	2044	156	2026-10-04T21:00:00+00:00
match_futbol_2	Матч! Футбол 2	match-football2	main	1042	153	2026-10-04T21:00:00+00:00
match_futbol_3	Матч! Футбол 3	match-football3	main	2005	153	2026-10-04T21:00:00+00:00
setanta_sports_1	Setanta Sports 1	7517	iptvx	setanta-sports	160	2026-10-05T02:00:00+00:00
setanta_sports_2	Setanta Sports 2	2363	iptvx	setanta-sports-plus	132	2026-10-05T02:00:00+00:00
match_arena	Матч! Арена	match-arena	iptvx	match-arena	237	2026-10-04T21:40:00+00:00
match_boec	Матч! Боец	match-boets	iptvx	match-boets	236	2026-10-04T21:55:00+00:00
match_igra	Матч! Игра	match-igra	iptvx	match-igra	252	2026-10-04T20:50:00+00:00
skysportspl	Sky Sports Premier League	4569	main	4569	401	2026-10-05T03:45:00+00:00
vip_premiere	viju+ Premiere	vip-premiere	iptvx	vip-premiere	184	2026-10-04T20:50:00+00:00
vip_megahit	viju+ Megahit	vip-megahit	iptvx	vip-megahit	164	2026-10-04T21:25:00+00:00
vip_comedy	viju+ Comedy	vip-comedy	iptvx	vip-comedy	194	2026-10-04T21:55:00+00:00
tv1000	viju TV1000	tv1000	iptvx	tv1000	165	2026-10-04T20:25:00+00:00
tv1000_action	viju TV1000 Action	tv1000-action	iptvx	tv1000-action	163	2026-10-04T20:20:00+00:00
kinopremyera	Кинопремьера	566	iptvx	kinopremiera-hd	174	2026-10-04T21:25:00+00:00
amedia_premium	Amedia Premium	1372	iptvx	amedia-premium	294	2026-10-05T02:50:00+00:00
amedia_hit	Amedia Hit	2007	iptvx	amedia-hit	412	2026-10-05T02:40:00+00:00
amedia1	Amedia 1	1371	iptvx	amedia1	398	2026-10-05T02:35:00+00:00
amedia2	Amedia 2	2492	iptvx	amedia2	353	2026-10-05T02:55:00+00:00
kinoxit	Кинохит	542	iptvx	kinoxit	166	2026-10-04T21:15:00+00:00
mujskoe_kino	Мужское кино	muzhskoe-kino	main	1584	181	2026-10-04T22:45:00+00:00
kinosvidanie	Киносвидание	462	iptvx	kinosvidanie	150	2026-10-04T20:50:00+00:00
kinosemya	Киносемья	987	iptvx	kinosemiya	190	2026-10-04T21:00:00+00:00
kinopokaz	Кинопоказ	2834	iptvx	kinopokaz	162	2026-10-04T21:40:00+00:00
dom_kino	Дом кино	834	iptvx	domkino	128	2026-10-04T21:35:00+00:00
mosfilm	Мосфильм. Золотая коллекция	3357	iptvx	mosfilm	216	2026-10-05T02:05:00+00:00
rbc	РБК	743	iptvx	rbk	669	2026-10-04T21:40:00+00:00
izvestia	Известия	2271	iptvx	izvestia	2681	2026-10-04T21:59:00+00:00
euronews	Euronews	2266	iptvx	euronews	1084	2026-10-05T01:29:00+00:00
soloviev_live	Соловьев LIVE	13	iptvx	solovjinypomiot	118	2026-10-03T21:00:00+00:00
rtd	RTД	rtd-ru	iptvx	rtd-ru	600	2026-10-04T21:30:00+00:00
tnt_music	ТНТ MUSIC	tnt-music	iptvx	tnt-music	321	2026-10-04T21:30:00+00:00
europa_plus_tv	Europa Plus TV	681	iptvx	europa-plus-tv	376	2026-10-04T21:00:00+00:00
bridge_tv	Bridge TV	151	iptvx	bridge-tv	131	2026-10-05T06:10:00+00:00
bridge_deluxe	Bridge Deluxe	2022	iptvx	bridge-hd	304	2026-10-05T04:00:00+00:00
bridge_classic	BRIDGE CLASSIC	bridge-tv-classic	iptvx	bridge-tv-classic	63	2026-10-05T05:00:00+00:00
bridge_rock	BRIDGE ROCK	bridge-tv-rock	iptvx	bridge-tv-rock	213	2026-10-05T05:00:00+00:00
rtg_tv	Russian Travel Guide	648	iptvx	rtg-tv	775	2026-10-05T04:00:00+00:00
travel_adventure	Travel+Adventure	1035	iptvx	travel-adventure	457	2026-10-05T01:40:00+00:00
viasat_explore	Viasat Explore	521	iptvx	viasat-explore	432	2026-10-04T21:35:00+00:00
viasat_history	Viasat History	277	iptvx	viasat-history	348	2026-10-04T21:25:00+00:00
viasat_nature	Viasat Nature	765	iptvx	viasat-nature	354	2026-10-04T21:20:00+00:00
mult	Мульт	1332	iptvx	mult	289	2026-10-04T20:00:00+00:00
multilandia	Мультиландия	multimania	iptvx	multimania	162	2026-10-04T21:00:00+00:00
nickelodeon	Nickelodeon	423	iptvx	nickelodeon-ru	825	2026-10-05T02:55:00+00:00
soviet_cartoons	Советские мультфильмы	1111	iptvx	sovmultf	1139	2026-10-04T21:04:00+00:00
moya_planeta	Моя Планета	675	iptvx	moya-planeta	455	2026-10-04T20:20:00+00:00
two_x_two	2x2	323	iptvx	2na2	508	2026-10-04T21:05:00+00:00
kinokomediya	Кинокомедия	821	iptvx	kinokomedia	159	2026-10-04T20:55:00+00:00
kinomix	Киномикс	644	iptvx	kinomiks	147	2026-10-04T19:50:00+00:00
kinoseria	Киносерия	kinoseria	iptvx	kinoseria	308	2026-10-04T21:50:00+00:00
lubimoe_kino	Любимое кино	477	iptvx	lubimoe-kino	159	2026-10-04T20:45:00+00:00
evrokino	Еврокино	352	iptvx	evrokino	186	2026-10-04T21:55:00+00:00
nst	НСТ	518	iptvx	nst	189	2026-10-05T02:55:00+00:00
discovery	Discovery Channel	325	iptvx	discovery-channel	364	2026-10-05T00:00:00+00:00
tv1000_romantica	viju TV1000 Romantica	viju-tv1000-romantica	iptvx	viju-tv1000-romantica	258	2026-10-04T21:55:00+00:00
eurosport_1	Eurosport 1	eurosport1	iptvx	eurosport1	205	2026-10-04T21:15:00+00:00
eurosport_2	Eurosport 2	eurosport2	iptvx	eurosport2	215	2026-10-05T01:00:00+00:00
solnce	Солнце	solnce	iptvx	solnce	174	2026-10-04T23:05:00+00:00
russky_roman	Русский роман	russky-roman	iptvx	russky-roman	120	2026-10-05T02:45:00+00:00
russky_detektiv	Русский детектив	russky-detektiv	iptvx	russky-detektiv	314	2026-10-05T01:50:00+00:00
kino_tv	Кино ТВ	kino-tv	iptvx	kino-tv	170	2026-10-05T02:40:00+00:00
yu	Ю	yu	iptvx	yu	139	2026-10-04T23:55:00+00:00
subbota	Суббота!	super	iptvx	super	352	2026-10-04T21:50:00+00:00
national_geographic	National Geographic	national-geographic	iptvx	national-geographic	411	2026-10-05T02:55:00+00:00
animal_planet	Animal Planet	animal-planet-eu	iptvx	animal-planet-eu	349	2026-10-05T00:30:00+00:00
multimuzyka	Мультимузыка	multimuzyka	iptvx	multimuzyka	441	2026-10-04T20:30:00+00:00
dw_russian	DW Russian	deutsche-welle-ru	iptvx	deutsche-welle-ru	627	2026-10-05T00:30:00+00:00
nba_tv	NBA TV	nba-tv-us	iptvx	nba-tv	176	2026-10-03T16:30:00+00:00
nhl_network	NHL Network	nhl-network-us	iptvx	nhl-network-us	277	2026-10-05T04:00:00+00:00
tnt4	ТНТ4	tnt-pl4	iptvx	tnt4	485	2026-10-05T02:30:00+00:00
khl_prime	КХЛ Prime	kxl-hd	iptvx	kxl-hd	259	2026-10-04T20:50:00+00:00
khl	КХЛ	kxl	iptvx	kxl	262	2026-10-04T20:30:00+00:00
abc-news-live	ABC News Live	abc-news-live-us	iptvx	abc-news-live-us	439	2026-10-05T04:00:00+00:00
bbc-news	BBC News	bbc	iptvx	bbc	282	2026-09-28T05:30:00+00:00
cnn	CNN International	cnn	iptvx	cnn	344	2026-10-04T23:00:00+00:00
nauka	Наука	nauka-20	iptvx	nauka	497	2026-10-04T21:41:00+00:00
eda-premium	Еда Премиум	eda-hd	iptvx	eda-hd	629	2026-10-04T21:35:00+00:00
fx	FX	fox	iptvx	fox	396	2026-10-05T02:35:00+00:00
avto-plus	Авто Плюс	avto-plus	iptvx	avto-plus	1387	2026-10-04T21:55:00+00:00
bober	Бобёр	bobior	main	2026	264	2026-10-04T23:35:00+00:00
ru-tv	RU.TV	ru-tv	iptvx	ru-tv	185	2026-10-04T21:00:00+00:00
shanson-tv	Шансон ТВ	shanson-tv	iptvx	shanson-tv	197	2026-10-04T20:35:00+00:00
sarafan	Сарафан	sarafan	iptvx	sarafan	357	2026-10-05T02:20:00+00:00
kvn-tv	КВН ТВ	kvn-tv	iptvx	kvn-tv	177	2026-10-04T19:50:00+00:00
bridge-tv-ruxit	Bridge TV Русский Хит	bridge-tv-ruxit	iptvx	bridge-tv-ruxit	69	2026-10-05T04:30:00+00:00
bridge-tv-dance	Bridge TV Hits	bridge-tv-dance	iptvx	bridge-tv-dance	62	2026-10-05T07:00:00+00:00
history	History	1394	iptvx	history	395	2026-10-04T21:30:00+00:00
history_2	History 2	2356	iptvx	h2	405	2026-10-04T21:30:00+00:00
